symbol,strategy,interval,side,qty,entry_signal_time,entry_time,entry_price,exit_time,exit_price,exit_reason,bars_held,pnl,return_pct,stop_price,take_profit_price,stop_distance,stop_distance_frac_of_price,stop_source,risk_reward_multiple,time_stop_triggered,macd_failure_triggered
ALB,macd_pullback,5m,short,5,2025-03-31T16:10:00+00:00,2025-03-31T16:15:00+00:00,71.45,2025-03-31T17:55:00+00:00,71.505,time_stop,19,-0.275,-0.077,73.44,68.47,1.99,0.027852,ema200_buffer,1.5,True,False
ALB,macd_pullback,5m,long,5,2025-04-02T19:35:00+00:00,2025-04-02T19:40:00+00:00,72.41,2025-04-03T13:30:00+00:00,72.13,stop_loss,5,-1.4,-0.3867,72.13,72.83,0.28,0.003867,ema200_buffer,1.5,False,False
ALB,macd_pullback,5m,long,5,2025-04-14T16:45:00+00:00,2025-04-14T16:50:00+00:00,57.31,2025-04-14T18:20:00+00:00,58.24,time_stop,19,4.65,1.6228,56.09,59.14,1.22,0.021288,ema200_buffer,1.5,True,False
ALB,macd_pullback,5m,short,5,2025-04-16T14:05:00+00:00,2025-04-16T14:10:00+00:00,53.72,2025-04-16T15:15:00+00:00,53.23,macd_failure,14,2.45,0.9121,55.56,50.96,1.84,0.034252,ema200_buffer,1.5,False,True
ALB,macd_pullback,5m,short,5,2025-04-17T17:30:00+00:00,2025-04-17T17:35:00+00:00,52.465,2025-04-17T17:55:00+00:00,52.615,macd_failure,5,-0.75,-0.2859,53.51,50.9,1.045,0.019918,ema200_buffer,1.5,False,True
ALB,macd_pullback,5m,short,5,2025-04-17T18:15:00+00:00,2025-04-17T18:20:00+00:00,52.72,2025-04-17T19:55:00+00:00,52.85,macd_failure,18,-0.65,-0.2466,53.44,51.64,0.72,0.013657,ema200_buffer,1.5,False,True
ALB,macd_pullback,5m,short,5,2025-04-21T17:05:00+00:00,2025-04-21T17:10:00+00:00,51.475,2025-04-21T17:45:00+00:00,51.82,macd_failure,8,-1.725,-0.6702,52.7,49.64,1.225,0.023798,ema200_buffer,1.5,False,True
ALB,macd_pullback,5m,long,5,2025-04-22T18:35:00+00:00,2025-04-22T18:40:00+00:00,54.91,2025-04-22T19:20:00+00:00,54.64,macd_failure,8,-1.35,-0.4917,53.49,57.04,1.42,0.02586,ema200_buffer,1.5,False,True
ALB,macd_pullback,5m,long,5,2025-04-22T19:45:00+00:00,2025-04-22T19:50:00+00:00,54.71,2025-04-23T13:30:00+00:00,56.31,take_profit,3,8.0,2.9245,53.64,56.31,1.07,0.019558,ema200_buffer,1.5,False,False
ALB,macd_pullback,5m,long,5,2025-04-24T19:40:00+00:00,2025-04-24T19:45:00+00:00,58.41,2025-04-25T13:35:00+00:00,58.155,macd_failure,5,-1.275,-0.4366,56.39,61.44,2.02,0.034583,ema200_buffer,1.5,False,True
ALB,macd_pullback,5m,long,5,2025-04-25T19:45:00+00:00,2025-04-25T19:50:00+00:00,57.68,2025-04-28T13:35:00+00:00,58.88,take_profit,4,6.0,2.0804,56.88,58.88,0.8,0.01387,ema200_buffer,1.5,False,False
ALB,macd_pullback,5m,long,5,2025-05-02T14:10:00+00:00,2025-05-02T14:15:00+00:00,60.255,2025-05-02T15:15:00+00:00,60.21,macd_failure,13,-0.225,-0.0747,58.88,62.32,1.375,0.02282,ema200_buffer,1.5,False,True
ALB,macd_pullback,5m,long,5,2025-05-02T19:25:00+00:00,2025-05-02T19:30:00+00:00,60.78,2025-05-05T13:30:00+00:00,59.69,stop_loss,7,-5.45,-1.7934,59.69,62.42,1.09,0.017934,ema200_buffer,1.5,False,False
ALB,macd_pullback,5m,short,5,2025-05-05T18:25:00+00:00,2025-05-05T18:30:00+00:00,58.345,2025-05-06T13:30:00+00:00,57.25,time_stop,19,5.475,1.8768,59.24,57.0,0.895,0.01534,ema200_buffer,1.5,True,False
ALB,macd_pullback,5m,short,5,2025-05-06T15:05:00+00:00,2025-05-06T15:10:00+00:00,57.825,2025-05-06T16:15:00+00:00,57.81,macd_failure,13,0.075,0.0259,58.92,56.18,1.095,0.018936,ema200_buffer,1.5,False,True
ALB,macd_pullback,5m,short,5,2025-05-06T19:50:00+00:00,2025-05-06T19:55:00+00:00,57.53,2025-05-07T14:55:00+00:00,56.93,macd_failure,17,3.0,1.0429,58.38,56.25,0.85,0.014775,ema200_buffer,1.5,False,True
ALB,macd_pullback,5m,short,5,2025-05-07T16:25:00+00:00,2025-05-07T16:30:00+00:00,56.68,2025-05-07T17:05:00+00:00,56.79,macd_failure,8,-0.55,-0.1941,57.97,54.75,1.29,0.022759,ema200_buffer,1.5,False,True
ALB,macd_pullback,5m,long,5,2025-05-08T19:20:00+00:00,2025-05-08T19:25:00+00:00,57.73,2025-05-08T19:50:00+00:00,57.41,stop_loss,6,-1.6,-0.5543,57.41,58.21,0.32,0.005543,ema200_buffer,1.5,False,False
ALB,macd_pullback,5m,long,5,2025-05-13T17:35:00+00:00,2025-05-13T17:40:00+00:00,62.01,2025-05-13T18:15:00+00:00,62.055,macd_failure,6,0.225,0.0726,60.47,64.32,1.54,0.024835,ema200_buffer,1.5,False,True
ALB,macd_pullback,5m,short,5,2025-05-15T17:15:00+00:00,2025-05-15T17:20:00+00:00,59.82,2025-05-15T18:05:00+00:00,59.93,macd_failure,10,-0.55,-0.1839,60.54,58.74,0.72,0.012036,ema200_buffer,1.5,False,True
ALB,macd_pullback,5m,short,5,2025-05-19T16:00:00+00:00,2025-05-19T16:05:00+00:00,59.395,2025-05-19T16:40:00+00:00,58.86,take_profit,8,2.675,0.9007,59.75,58.86,0.355,0.005977,ema200_buffer,1.5,False,False
ALB,macd_pullback,5m,short,5,2025-05-19T17:55:00+00:00,2025-05-19T18:00:00+00:00,59.08,2025-05-19T19:35:00+00:00,58.69,time_stop,19,1.95,0.6601,59.65,58.22,0.57,0.009648,ema200_buffer,1.5,True,False
ALB,macd_pullback,5m,long,5,2025-05-20T17:35:00+00:00,2025-05-20T17:40:00+00:00,60.025,2025-05-20T18:20:00+00:00,59.665,macd_failure,9,-1.8,-0.5998,59.53,60.77,0.495,0.008247,ema200_buffer,1.5,False,True
ALB,macd_pullback,5m,short,5,2025-05-21T17:20:00+00:00,2025-05-21T17:25:00+00:00,57.6,2025-05-21T19:00:00+00:00,56.99,macd_failure,18,3.05,1.059,59.17,55.25,1.57,0.027257,ema200_buffer,1.5,False,True
ALB,macd_pullback,5m,short,5,2025-05-23T16:05:00+00:00,2025-05-23T16:15:00+00:00,57.39,2025-05-23T16:55:00+00:00,57.48,macd_failure,9,-0.45,-0.1568,57.8,56.78,0.41,0.007144,ema200_buffer,1.5,False,True
ALB,macd_pullback,5m,short,5,2025-05-23T17:00:00+00:00,2025-05-23T17:05:00+00:00,57.35,2025-05-23T17:40:00+00:00,57.41,macd_failure,8,-0.3,-0.1046,57.77,56.72,0.42,0.007323,ema200_buffer,1.5,False,True
ALB,macd_pullback,5m,long,5,2025-05-27T19:55:00+00:00,2025-05-28T13:30:00+00:00,58.52,2025-05-28T13:45:00+00:00,57.93,stop_loss,4,-2.95,-1.0082,57.93,59.41,0.59,0.010082,ema200_buffer,1.5,False,False
ALB,macd_pullback,5m,long,5,2025-05-28T15:35:00+00:00,2025-05-28T15:40:00+00:00,58.52,2025-05-28T16:25:00+00:00,58.42,macd_failure,10,-0.5,-0.1709,58.0,59.3,0.52,0.008886,ema200_buffer,1.5,False,True
ALB,macd_pullback,5m,short,5,2025-05-30T16:25:00+00:00,2025-05-30T16:30:00+00:00,56.06,2025-05-30T18:00:00+00:00,55.425,time_stop,19,3.175,1.1327,57.35,54.12,1.29,0.023011,ema200_buffer,1.5,True,False
ALB,macd_pullback,5m,short,5,2025-06-02T16:05:00+00:00,2025-06-02T16:10:00+00:00,54.97,2025-06-02T17:40:00+00:00,54.4,time_stop,19,2.85,1.0369,56.37,52.87,1.4,0.025468,ema200_buffer,1.5,True,False
ALB,macd_pullback,5m,short,5,2025-06-02T19:05:00+00:00,2025-06-02T19:10:00+00:00,54.33,2025-06-03T13:50:00+00:00,55.1,macd_failure,15,-3.85,-1.4173,55.84,52.06,1.51,0.027793,ema200_buffer,1.5,False,True
ALB,macd_pullback,5m,long,5,2025-06-04T19:20:00+00:00,2025-06-04T19:25:00+00:00,59.815,2025-06-05T14:10:00+00:00,60.23,macd_failure,16,2.075,0.6938,57.85,62.76,1.965,0.032851,ema200_buffer,1.5,False,True
ALB,macd_pullback,5m,long,5,2025-06-05T15:40:00+00:00,2025-06-05T15:45:00+00:00,59.68,2025-06-05T16:50:00+00:00,59.48,macd_failure,14,-1.0,-0.3351,58.43,61.55,1.25,0.020945,ema200_buffer,1.5,False,True
ALB,macd_pullback,5m,long,5,2025-06-05T17:15:00+00:00,2025-06-05T17:20:00+00:00,59.71,2025-06-05T17:55:00+00:00,59.49,macd_failure,8,-1.1,-0.3684,58.64,61.31,1.07,0.01792,ema200_buffer,1.5,False,True
ALB,macd_pullback,5m,long,5,2025-06-06T18:55:00+00:00,2025-06-06T19:00:00+00:00,59.59,2025-06-09T13:30:00+00:00,60.22,take_profit,13,3.15,1.0572,59.17,60.22,0.42,0.007048,ema200_buffer,1.5,False,False
ALB,macd_pullback,5m,long,5,2025-06-10T16:50:00+00:00,2025-06-10T16:55:00+00:00,64.11,2025-06-10T17:55:00+00:00,64.32,macd_failure,13,1.05,0.3276,61.9,67.42,2.21,0.034472,ema200_buffer,1.5,False,True
ALB,macd_pullback,5m,long,5,2025-06-10T19:00:00+00:00,2025-06-10T19:05:00+00:00,64.29,2025-06-10T19:40:00+00:00,64.07,macd_failure,8,-1.1,-0.3422,62.39,67.14,1.9,0.029554,ema200_buffer,1.5,False,True
ALB,macd_pullback,5m,short,5,2025-06-13T17:20:00+00:00,2025-06-13T17:25:00+00:00,61.04,2025-06-13T18:05:00+00:00,61.135,macd_failure,9,-0.475,-0.1556,62.78,58.43,1.74,0.028506,ema200_buffer,1.5,False,True
ALB,macd_pullback,5m,short,5,2025-06-17T17:15:00+00:00,2025-06-17T17:20:00+00:00,59.34,2025-06-17T18:55:00+00:00,59.61,macd_failure,19,-1.35,-0.455,61.0,56.85,1.66,0.027974,ema200_buffer,1.5,False,True
ALB,macd_pullback,5m,short,5,2025-06-17T19:15:00+00:00,2025-06-17T19:20:00+00:00,59.6,2025-06-17T19:50:00+00:00,59.65,macd_failure,7,-0.25,-0.0839,60.72,57.92,1.12,0.018792,ema200_buffer,1.5,False,True
ALB,macd_pullback,5m,short,5,2025-06-18T19:15:00+00:00,2025-06-18T19:20:00+00:00,59.64,2025-06-20T13:30:00+00:00,58.59,take_profit,10,5.25,1.7606,60.34,58.59,0.7,0.011737,ema200_buffer,1.5,False,False
ALB,macd_pullback,5m,short,5,2025-06-20T17:10:00+00:00,2025-06-20T17:15:00+00:00,57.38,2025-06-20T18:15:00+00:00,57.21,macd_failure,11,0.85,0.2963,59.37,54.4,1.99,0.034681,ema200_buffer,1.5,False,True
ALB,macd_pullback,5m,short,5,2025-06-23T14:55:00+00:00,2025-06-23T15:00:00+00:00,56.765,2025-06-23T16:15:00+00:00,56.735,macd_failure,16,0.15,0.0528,58.49,54.18,1.725,0.030388,ema200_buffer,1.5,False,True
ALB,macd_pullback,5m,long,5,2025-06-24T18:30:00+00:00,2025-06-24T18:35:00+00:00,60.48,2025-06-24T18:55:00+00:00,60.265,macd_failure,5,-1.075,-0.3555,58.88,62.88,1.6,0.026455,ema200_buffer,1.5,False,True
ALB,macd_pullback,5m,long,5,2025-06-25T17:05:00+00:00,2025-06-25T17:10:00+00:00,59.925,2025-06-25T18:15:00+00:00,60.92,take_profit,14,4.975,1.6604,59.26,60.92,0.665,0.011097,ema200_buffer,1.5,False,False
ALB,macd_pullback,5m,short,5,2025-06-30T18:20:00+00:00,2025-06-30T18:25:00+00:00,63.13,2025-06-30T19:55:00+00:00,62.83,time_stop,19,1.5,0.4752,63.42,62.7,0.29,0.004594,ema200_buffer,1.5,True,False
ALB,macd_pullback,5m,short,5,2025-07-07T18:25:00+00:00,2025-07-07T18:30:00+00:00,64.39,2025-07-08T13:30:00+00:00,66.395,time_stop,19,-10.025,-3.1138,65.74,62.37,1.35,0.020966,ema200_buffer,1.5,True,False
ALB,macd_pullback,5m,long,5,2025-07-09T19:30:00+00:00,2025-07-09T19:35:00+00:00,70.71,2025-07-10T13:40:00+00:00,72.93,take_profit,8,11.1,3.1396,69.23,72.93,1.48,0.020931,ema200_buffer,1.5,False,False
ALB,macd_pullback,5m,short,5,2025-07-14T14:05:00+00:00,2025-07-14T14:10:00+00:00,70.9,2025-07-14T15:35:00+00:00,71.29,macd_failure,17,-1.95,-0.5501,71.9,69.4,1.0,0.014104,ema200_buffer,1.5,False,True
ALB,macd_pullback,5m,short,5,2025-07-15T19:55:00+00:00,2025-07-16T13:30:00+00:00,70.27,2025-07-16T14:25:00+00:00,70.085,macd_failure,10,0.925,0.2633,71.12,68.99,0.85,0.012096,ema200_buffer,1.5,False,True
ALB,macd_pullback,5m,long,5,2025-07-24T17:30:00+00:00,2025-07-24T17:35:00+00:00,83.715,2025-07-24T18:30:00+00:00,83.58,macd_failure,12,-0.675,-0.1613,81.04,87.73,2.675,0.031954,ema200_buffer,1.5,False,True
ALB,macd_pullback,5m,long,5,2025-07-25T16:25:00+00:00,2025-07-25T16:30:00+00:00,83.105,2025-07-25T17:20:00+00:00,82.68,macd_failure,11,-2.125,-0.5114,82.02,84.73,1.085,0.013056,ema200_buffer,1.5,False,True
ALB,macd_pullback,5m,long,5,2025-08-04T15:15:00+00:00,2025-08-04T15:20:00+00:00,68.995,2025-08-04T15:50:00+00:00,68.965,macd_failure,7,-0.15,-0.0435,68.51,69.72,0.485,0.007029,ema200_buffer,1.5,False,True
ALB,macd_pullback,5m,long,5,2025-08-04T18:25:00+00:00,2025-08-04T18:30:00+00:00,68.95,2025-08-04T19:05:00+00:00,68.66,macd_failure,8,-1.45,-0.4206,68.58,69.51,0.37,0.005366,ema200_buffer,1.5,False,True
ALB,macd_pullback,5m,long,5,2025-08-07T16:05:00+00:00,2025-08-07T16:10:00+00:00,71.5,2025-08-07T16:50:00+00:00,71.43,macd_failure,9,-0.35,-0.0979,68.76,75.61,2.74,0.038322,ema200_buffer,1.5,False,True
ALB,macd_pullback,5m,long,5,2025-08-12T16:30:00+00:00,2025-08-12T16:35:00+00:00,79.575,2025-08-12T17:30:00+00:00,79.02,macd_failure,11,-2.775,-0.6975,77.87,82.13,1.705,0.021426,ema200_buffer,1.5,False,True
ALB,macd_pullback,5m,long,5,2025-08-13T16:45:00+00:00,2025-08-13T16:50:00+00:00,80.44,2025-08-13T17:40:00+00:00,80.42,macd_failure,10,-0.1,-0.0249,78.79,82.91,1.65,0.020512,ema200_buffer,1.5,False,True
ALB,macd_pullback,5m,long,5,2025-08-14T14:35:00+00:00,2025-08-14T14:40:00+00:00,80.955,2025-08-14T15:35:00+00:00,80.645,macd_failure,12,-1.55,-0.3829,79.54,83.08,1.415,0.017479,ema200_buffer,1.5,False,True
ALB,macd_pullback,5m,long,5,2025-08-15T16:40:00+00:00,2025-08-15T16:45:00+00:00,82.28,2025-08-15T17:25:00+00:00,82.145,macd_failure,9,-0.675,-0.1641,80.68,84.68,1.6,0.019446,ema200_buffer,1.5,False,True
ALB,macd_pullback,5m,short,5,2025-08-19T19:00:00+00:00,2025-08-19T19:05:00+00:00,80.695,2025-08-20T13:30:00+00:00,78.71,take_profit,12,9.925,2.4599,82.02,78.71,1.325,0.01642,ema200_buffer,1.5,False,False
ALB,macd_pullback,5m,short,5,2025-08-20T18:05:00+00:00,2025-08-20T18:15:00+00:00,78.02,2025-08-20T18:45:00+00:00,78.31,macd_failure,7,-1.45,-0.3717,80.47,74.34,2.45,0.031402,ema200_buffer,1.5,False,True
ALB,macd_pullback,5m,short,5,2025-08-20T19:50:00+00:00,2025-08-20T19:55:00+00:00,78.17,2025-08-21T14:30:00+00:00,77.715,macd_failure,14,2.275,0.5821,80.1,75.28,1.93,0.02469,ema200_buffer,1.5,False,True
ALB,macd_pullback,5m,long,5,2025-08-29T16:05:00+00:00,2025-08-29T16:10:00+00:00,85.52,2025-08-29T16:30:00+00:00,85.24,macd_failure,5,-1.4,-0.3274,84.6,86.9,0.92,0.010758,ema200_buffer,1.5,False,True
ALB,macd_pullback,5m,short,5,2025-09-02T18:20:00+00:00,2025-09-02T18:25:00+00:00,79.52,2025-09-02T19:15:00+00:00,79.62,macd_failure,11,-0.5,-0.1258,82.63,74.85,3.11,0.03911,ema200_buffer,1.5,False,True
ALB,macd_pullback,5m,short,5,2025-09-04T17:50:00+00:00,2025-09-04T17:55:00+00:00,79.28,2025-09-04T19:35:00+00:00,79.24,time_stop,19,0.2,0.0505,80.56,77.36,1.28,0.016145,ema200_buffer,1.5,True,False
ALB,macd_pullback,5m,long,5,2025-09-08T17:40:00+00:00,2025-09-08T17:45:00+00:00,81.65,2025-09-08T18:10:00+00:00,81.515,macd_failure,6,-0.675,-0.1653,80.98,82.66,0.67,0.008206,ema200_buffer,1.5,False,True
ALB,macd_pullback,5m,short,5,2025-09-10T17:50:00+00:00,2025-09-10T17:55:00+00:00,73.36,2025-09-10T19:10:00+00:00,73.85,macd_failure,16,-2.45,-0.6679,75.5,70.15,2.14,0.029171,ema200_buffer,1.5,False,True
ALB,macd_pullback,5m,short,5,2025-09-10T19:20:00+00:00,2025-09-10T19:25:00+00:00,73.705,2025-09-11T13:30:00+00:00,71.43,take_profit,8,11.375,3.0866,75.22,71.43,1.515,0.020555,ema200_buffer,1.5,False,False
ALB,macd_pullback,5m,long,5,2025-09-15T19:45:00+00:00,2025-09-15T19:50:00+00:00,81.25,2025-09-16T13:45:00+00:00,80.18,macd_failure,6,-5.35,-1.3169,78.03,86.08,3.22,0.039631,ema200_buffer,1.5,False,True
ALB,macd_pullback,5m,long,5,2025-09-16T14:10:00+00:00,2025-09-16T14:15:00+00:00,81.105,2025-09-16T15:50:00+00:00,80.64,time_stop,19,-2.325,-0.5733,78.34,85.25,2.765,0.034092,ema200_buffer,1.5,True,False
ALB,macd_pullback,5m,long,5,2025-09-18T14:25:00+00:00,2025-09-18T14:30:00+00:00,80.105,2025-09-18T14:40:00+00:00,79.84,stop_loss,3,-1.325,-0.3308,79.84,80.5,0.265,0.003308,ema200_buffer,1.5,False,False
ALB,macd_pullback,5m,short,5,2025-09-18T14:50:00+00:00,2025-09-18T14:55:00+00:00,79.47,2025-09-18T15:20:00+00:00,80.0,stop_loss,6,-2.65,-0.6669,80.0,78.67,0.53,0.006669,ema200_buffer,1.5,False,False
ALB,macd_pullback,5m,long,5,2025-09-19T17:15:00+00:00,2025-09-19T17:20:00+00:00,82.26,2025-09-19T19:10:00+00:00,82.08,time_stop,19,-0.9,-0.2188,80.95,84.23,1.31,0.015925,ema200_buffer,1.5,True,False
ALB,macd_pullback,5m,long,5,2025-09-22T16:10:00+00:00,2025-09-22T16:15:00+00:00,81.73,2025-09-22T17:15:00+00:00,81.27,stop_loss,13,-2.3,-0.5628,81.27,82.42,0.46,0.005628,ema200_buffer,1.5,False,False
ALB,macd_pullback,5m,long,5,2025-09-22T18:20:00+00:00,2025-09-22T18:25:00+00:00,81.66,2025-09-22T19:20:00+00:00,81.5,macd_failure,12,-0.8,-0.1959,81.3,82.2,0.36,0.004409,ema200_buffer,1.5,False,True
ALB,macd_pullback,5m,long,5,2025-09-24T16:45:00+00:00,2025-09-24T16:50:00+00:00,82.04,2025-09-24T17:10:00+00:00,82.61,take_profit,5,2.85,0.6948,81.66,82.61,0.38,0.004632,ema200_buffer,1.5,False,False
ALB,macd_pullback,5m,long,5,2025-09-26T18:25:00+00:00,2025-09-26T18:30:00+00:00,87.94,2025-09-26T19:10:00+00:00,88.07,macd_failure,9,0.65,0.1478,85.52,91.57,2.42,0.027519,ema200_buffer,1.5,False,True
ALB,macd_pullback,5m,long,5,2025-09-29T17:15:00+00:00,2025-09-29T17:20:00+00:00,86.91,2025-09-29T18:55:00+00:00,87.18,time_stop,19,1.35,0.3107,86.29,87.84,0.62,0.007134,ema200_buffer,1.5,True,False
ALB,macd_pullback,5m,long,5,2025-09-29T19:50:00+00:00,2025-09-29T19:55:00+00:00,87.25,2025-09-30T13:30:00+00:00,86.47,stop_loss,2,-3.9,-0.894,86.47,88.42,0.78,0.00894,ema200_buffer,1.5,False,False
ALB,macd_pullback,5m,long,5,2025-10-01T18:15:00+00:00,2025-10-01T18:20:00+00:00,84.06,2025-10-01T19:25:00+00:00,84.085,macd_failure,14,0.125,0.0297,83.68,84.63,0.38,0.004521,ema200_buffer,1.5,False,True
ALB,macd_pullback,5m,long,5,2025-10-01T19:25:00+00:00,2025-10-01T19:30:00+00:00,84.25,2025-10-02T13:30:00+00:00,85.02,take_profit,7,3.85,0.9139,83.74,85.02,0.51,0.006053,ema200_buffer,1.5,False,False
ALB,macd_pullback,5m,long,5,2025-10-02T17:35:00+00:00,2025-10-02T17:40:00+00:00,86.88,2025-10-02T19:20:00+00:00,87.58,time_stop,19,3.5,0.8057,85.02,89.67,1.86,0.021409,ema200_buffer,1.5,True,False
ALB,macd_pullback,5m,long,5,2025-10-03T14:40:00+00:00,2025-10-03T14:45:00+00:00,88.05,2025-10-03T16:55:00+00:00,88.56,time_stop,19,2.55,0.5792,85.71,91.56,2.34,0.026576,ema200_buffer,1.5,True,False
ALB,macd_pullback,5m,long,5,2025-10-13T18:30:00+00:00,2025-10-13T18:35:00+00:00,97.0,2025-10-14T13:30:00+00:00,95.0,stop_loss,18,-10.0,-2.0619,95.0,100.0,2.0,0.020619,ema200_buffer,1.5,False,False
ALB,macd_pullback,5m,long,5,2025-10-15T16:00:00+00:00,2025-10-15T16:05:00+00:00,98.02,2025-10-15T17:15:00+00:00,96.16,stop_loss,11,-9.3,-1.8976,96.16,100.81,1.86,0.018976,ema200_buffer,1.5,False,False
ALB,macd_pullback,5m,short,5,2025-10-16T18:10:00+00:00,2025-10-16T18:15:00+00:00,94.62,2025-10-16T18:45:00+00:00,95.31,macd_failure,7,-3.45,-0.7292,96.6,91.65,1.98,0.020926,ema200_buffer,1.5,False,True
ALB,macd_pullback,5m,short,5,2025-10-21T17:15:00+00:00,2025-10-21T17:20:00+00:00,92.31,2025-10-21T19:00:00+00:00,92.05,time_stop,19,1.3,0.2817,94.38,89.21,2.07,0.022424,ema200_buffer,1.5,True,False
ALB,macd_pullback,5m,short,5,2025-10-28T15:40:00+00:00,2025-10-28T15:45:00+00:00,95.745,2025-10-28T16:10:00+00:00,96.48,macd_failure,6,-3.675,-0.7677,98.84,91.1,3.095,0.032325,ema200_buffer,1.5,False,True
ALB,macd_pullback,5m,short,5,2025-10-30T14:20:00+00:00,2025-10-30T14:25:00+00:00,97.41,2025-10-30T15:25:00+00:00,98.63,stop_loss,13,-6.1,-1.2524,98.63,95.58,1.22,0.012524,ema200_buffer,1.5,False,False
ALB,macd_pullback,5m,short,5,2025-10-31T19:50:00+00:00,2025-10-31T19:55:00+00:00,98.3,2025-11-03T14:40:00+00:00,98.84,stop_loss,4,-2.7,-0.5493,98.84,97.49,0.54,0.005493,ema200_buffer,1.5,False,False
ALB,macd_pullback,5m,short,5,2025-11-03T18:05:00+00:00,2025-11-03T18:10:00+00:00,96.36,2025-11-03T19:20:00+00:00,96.46,macd_failure,15,-0.5,-0.1038,98.26,93.51,1.9,0.019718,ema200_buffer,1.5,False,True
ALB,macd_pullback,5m,short,5,2025-11-03T20:10:00+00:00,2025-11-03T20:15:00+00:00,95.75,2025-11-03T20:55:00+00:00,96.45,macd_failure,9,-3.5,-0.7311,97.81,92.66,2.06,0.021514,ema200_buffer,1.5,False,True
ALB,macd_pullback,5m,long,5,2025-11-05T19:55:00+00:00,2025-11-05T20:00:00+00:00,92.78,2025-11-05T20:15:00+00:00,92.3,stop_loss,4,-2.4,-0.5174,92.3,93.5,0.48,0.005174,ema200_buffer,1.5,False,False
ALB,macd_pullback,5m,short,5,2025-11-05T20:20:00+00:00,2025-11-05T20:25:00+00:00,92.2,2025-11-05T20:50:00+00:00,92.49,stop_loss,6,-1.45,-0.3145,92.49,91.77,0.29,0.003145,ema200_buffer,1.5,False,False
ALB,macd_pullback,5m,short,5,2025-11-06T19:50:00+00:00,2025-11-06T19:55:00+00:00,91.68,2025-11-06T20:25:00+00:00,91.965,macd_failure,7,-1.425,-0.3109,92.62,90.27,0.94,0.010253,ema200_buffer,1.5,False,True
ALB,macd_pullback,5m,long,5,2025-11-07T17:20:00+00:00,2025-11-07T17:25:00+00:00,96.21,2025-11-07T18:00:00+00:00,95.96,macd_failure,7,-1.25,-0.2598,93.27,100.62,2.94,0.030558,ema200_buffer,1.5,False,True
ALB,macd_pullback,5m,long,5,2025-11-07T18:10:00+00:00,2025-11-07T18:15:00+00:00,95.89,2025-11-07T18:40:00+00:00,95.93,macd_failure,6,0.2,0.0417,93.49,99.49,2.4,0.025029,ema200_buffer,1.5,False,True
ALB,macd_pullback,5m,long,5,2025-11-11T20:15:00+00:00,2025-11-11T20:20:00+00:00,103.07,2025-11-12T14:30:00+00:00,106.59,take_profit,9,17.6,3.4152,100.72,106.59,2.35,0.0228,ema200_buffer,1.5,False,False
ALB,macd_pullback,5m,long,5,2025-11-14T19:15:00+00:00,2025-11-14T19:20:00+00:00,115.63,2025-11-14T20:25:00+00:00,115.45,macd_failure,14,-0.9,-0.1557,112.59,120.19,3.04,0.026291,ema200_buffer,1.5,False,True
ALB,macd_pullback,5m,long,5,2025-11-18T18:00:00+00:00,2025-11-18T18:05:00+00:00,120.915,2025-11-18T19:05:00+00:00,121.49,macd_failure,13,2.875,0.4755,118.18,125.02,2.735,0.022619,ema200_buffer,1.5,False,True
ALB,macd_pullback,5m,short,5,2025-11-21T20:00:00+00:00,2025-11-21T20:05:00+00:00,117.36,2025-11-24T14:30:00+00:00,115.5,take_profit,12,9.3,1.5849,118.6,115.5,1.24,0.010566,ema200_buffer,1.5,False,False
ALB,macd_pullback,5m,short,5,2025-11-24T17:00:00+00:00,2025-11-24T17:10:00+00:00,114.53,2025-11-24T18:15:00+00:00,114.76,macd_failure,13,-1.15,-0.2008,117.7,109.78,3.17,0.027678,ema200_buffer,1.5,False,True
ALB,macd_pullback,5m,long,5,2025-11-26T15:20:00+00:00,2025-11-26T15:25:00+00:00,125.28,2025-11-26T15:50:00+00:00,124.86,macd_failure,6,-2.1,-0.3352,120.7,132.15,4.58,0.036558,ema200_buffer,1.5,False,True
ALB,macd_pullback,5m,long,5,2025-11-26T15:55:00+00:00,2025-11-26T16:00:00+00:00,125.85,2025-11-26T17:10:00+00:00,126.3,macd_failure,14,2.25,0.3576,120.99,133.14,4.86,0.038617,ema200_buffer,1.5,False,True
ALB,macd_pullback,5m,long,5,2025-12-01T16:40:00+00:00,2025-12-01T16:45:00+00:00,129.88,2025-12-01T17:40:00+00:00,129.115,macd_failure,11,-3.825,-0.589,126.18,135.43,3.7,0.028488,ema200_buffer,1.5,False,True
ALB,macd_pullback,5m,long,5,2025-12-01T17:50:00+00:00,2025-12-01T18:00:00+00:00,129.35,2025-12-01T19:20:00+00:00,128.82,macd_failure,16,-2.65,-0.4097,126.57,133.52,2.78,0.021492,ema200_buffer,1.5,False,True
ALB,macd_pullback,5m,short,5,2025-12-04T17:05:00+00:00,2025-12-04T17:10:00+00:00,122.24,2025-12-04T18:25:00+00:00,120.5,macd_failure,16,8.7,1.4234,125.82,116.87,3.58,0.029287,ema200_buffer,1.5,False,True
ALB,macd_pullback,5m,long,5,2025-12-05T19:15:00+00:00,2025-12-05T19:20:00+00:00,126.98,2025-12-05T20:40:00+00:00,126.51,macd_failure,17,-2.35,-0.3701,125.13,129.76,1.85,0.014569,ema200_buffer,1.5,False,True
ALB,macd_pullback,5m,short,5,2025-12-08T17:05:00+00:00,2025-12-08T17:10:00+00:00,125.48,2025-12-08T17:15:00+00:00,125.76,stop_loss,2,-1.4,-0.2231,125.76,125.06,0.28,0.002231,ema200_buffer,1.5,False,False
ALB,macd_pullback,5m,long,5,2025-12-08T17:15:00+00:00,2025-12-08T17:20:00+00:00,125.63,2025-12-08T17:20:00+00:00,125.51,stop_loss,1,-0.6,-0.0955,125.51,125.81,0.12,0.000955,ema200_buffer,1.5,False,False
ALB,macd_pullback,5m,short,5,2025-12-08T17:20:00+00:00,2025-12-08T17:25:00+00:00,125.48,2025-12-08T17:45:00+00:00,125.55,macd_failure,5,-0.35,-0.0558,125.76,125.06,0.28,0.002231,ema200_buffer,1.5,False,True
ALB,macd_pullback,5m,long,5,2025-12-11T18:40:00+00:00,2025-12-11T18:50:00+00:00,134.27,2025-12-11T20:50:00+00:00,134.91,time_stop,19,3.2,0.4767,131.34,138.67,2.93,0.021822,ema200_buffer,1.5,True,False
ALB,macd_pullback,5m,long,5,2025-12-15T15:05:00+00:00,2025-12-15T15:10:00+00:00,133.11,2025-12-15T15:50:00+00:00,131.99,stop_loss,9,-5.6,-0.8414,131.99,134.79,1.12,0.008414,ema200_buffer,1.5,False,False
ALB,macd_pullback,5m,short,5,2025-12-15T18:25:00+00:00,2025-12-15T18:30:00+00:00,131.94,2025-12-15T18:45:00+00:00,132.36,stop_loss,4,-2.1,-0.3183,132.36,131.31,0.42,0.003183,ema200_buffer,1.5,False,False
ALB,macd_pullback,5m,short,5,2025-12-16T15:20:00+00:00,2025-12-16T15:25:00+00:00,130.99,2025-12-16T16:30:00+00:00,131.93,macd_failure,14,-4.7,-0.7176,132.54,128.67,1.55,0.011833,ema200_buffer,1.5,False,True
ALB,macd_pullback,5m,short,5,2025-12-16T17:25:00+00:00,2025-12-16T17:35:00+00:00,131.97,2025-12-16T18:00:00+00:00,131.26,take_profit,6,3.55,0.538,132.44,131.26,0.47,0.003561,ema200_buffer,1.5,False,False
ALB,macd_pullback,5m,long,5,2025-12-17T17:20:00+00:00,2025-12-17T17:25:00+00:00,138.445,2025-12-17T17:50:00+00:00,136.8,macd_failure,6,-8.225,-1.1882,133.26,146.22,5.185,0.037452,ema200_buffer,1.5,False,True
ALB,macd_pullback,5m,long,5,2025-12-18T17:35:00+00:00,2025-12-18T17:40:00+00:00,138.5,2025-12-18T19:20:00+00:00,139.32,time_stop,19,4.1,0.5921,134.97,143.8,3.53,0.025487,ema200_buffer,1.5,True,False
ALB,macd_pullback,5m,long,5,2025-12-23T18:20:00+00:00,2025-12-23T18:25:00+00:00,147.2,2025-12-23T19:30:00+00:00,147.4,macd_failure,12,1.0,0.1359,144.99,150.51,2.21,0.015014,ema200_buffer,1.5,False,True
ALB,macd_pullback,5m,long,5,2025-12-26T20:35:00+00:00,2025-12-26T20:40:00+00:00,149.815,2025-12-29T14:30:00+00:00,147.13,stop_loss,5,-13.425,-1.7922,147.13,153.84,2.685,0.017922,ema200_buffer,1.5,False,False
ALB,macd_pullback,5m,short,5,2025-12-29T17:40:00+00:00,2025-12-29T17:45:00+00:00,144.505,2025-12-29T19:15:00+00:00,144.92,time_stop,19,-2.075,-0.2872,146.69,141.23,2.185,0.015121,ema200_buffer,1.5,True,False
ALB,macd_pullback,5m,short,5,2025-12-29T19:20:00+00:00,2025-12-29T19:25:00+00:00,144.91,2025-12-29T20:45:00+00:00,144.74,macd_failure,16,0.85,0.1173,146.44,142.62,1.53,0.010558,ema200_buffer,1.5,False,True
ALB,macd_pullback,5m,short,5,2025-12-30T19:05:00+00:00,2025-12-30T19:15:00+00:00,142.96,2025-12-30T20:40:00+00:00,142.385,macd_failure,18,2.875,0.4022,145.16,139.66,2.2,0.015389,ema200_buffer,1.5,False,True
ALB,macd_pullback,5m,short,5,2025-12-31T17:25:00+00:00,2025-12-31T17:30:00+00:00,141.98,2025-12-31T18:40:00+00:00,142.06,macd_failure,8,-0.4,-0.0563,144.04,138.89,2.06,0.014509,ema200_buffer,1.5,False,True
ALB,macd_pullback,5m,short,5,2025-12-31T19:20:00+00:00,2025-12-31T19:25:00+00:00,141.47,2025-12-31T20:30:00+00:00,141.25,macd_failure,13,1.1,0.1555,143.76,138.04,2.29,0.016187,ema200_buffer,1.5,False,True
ALB,macd_pullback,5m,short,5,2026-01-02T18:15:00+00:00,2026-01-02T18:20:00+00:00,142.08,2026-01-02T19:40:00+00:00,143.07,stop_loss,17,-4.95,-0.6968,143.07,140.6,0.99,0.006968,ema200_buffer,1.5,False,False
ALB,macd_pullback,5m,long,5,2026-01-05T18:10:00+00:00,2026-01-05T18:15:00+00:00,147.49,2026-01-05T19:10:00+00:00,146.9,macd_failure,9,-2.95,-0.4,144.21,152.41,3.28,0.022239,ema200_buffer,1.5,False,True
ALB,macd_pullback,5m,long,5,2026-01-09T16:35:00+00:00,2026-01-09T16:40:00+00:00,161.48,2026-01-09T17:30:00+00:00,161.06,macd_failure,8,-2.1,-0.2601,158.37,166.14,3.11,0.019259,ema200_buffer,1.5,False,True
ALB,macd_pullback,5m,long,5,2026-01-12T18:35:00+00:00,2026-01-12T18:50:00+00:00,168.44,2026-01-12T19:40:00+00:00,168.605,macd_failure,8,0.825,0.098,162.59,177.21,5.85,0.03473,ema200_buffer,1.5,False,True
ALB,macd_pullback,5m,long,5,2026-01-12T19:40:00+00:00,2026-01-12T19:45:00+00:00,168.82,2026-01-12T20:05:00+00:00,168.75,macd_failure,5,-0.35,-0.0415,163.05,177.47,5.77,0.034178,ema200_buffer,1.5,False,True
ALB,macd_pullback,5m,long,5,2026-01-13T20:50:00+00:00,2026-01-13T20:55:00+00:00,176.75,2026-01-14T15:40:00+00:00,176.67,macd_failure,15,-0.4,-0.0453,169.92,187.0,6.83,0.038642,ema200_buffer,1.5,False,True
ALB,macd_pullback,5m,long,5,2026-01-14T15:40:00+00:00,2026-01-14T15:45:00+00:00,176.265,2026-01-14T16:50:00+00:00,176.34,macd_failure,13,0.375,0.0425,170.69,184.63,5.575,0.031629,ema200_buffer,1.5,False,True
ALB,macd_pullback,5m,long,5,2026-01-14T18:10:00+00:00,2026-01-14T18:15:00+00:00,177.865,2026-01-14T19:45:00+00:00,178.26,macd_failure,17,1.975,0.2221,172.09,186.53,5.775,0.032468,ema200_buffer,1.5,False,True
ALB,macd_pullback,5m,short,5,2026-01-15T16:25:00+00:00,2026-01-15T16:30:00+00:00,174.42,2026-01-15T16:30:00+00:00,174.78,stop_loss,1,-1.8,-0.2064,174.78,173.88,0.36,0.002064,ema200_buffer,1.5,False,False
ALB,macd_pullback,5m,short,5,2026-01-15T20:35:00+00:00,2026-01-15T20:40:00+00:00,173.8,2026-01-16T14:30:00+00:00,172.71,take_profit,5,5.45,0.6272,174.53,172.71,0.73,0.0042,ema200_buffer,1.5,False,False
ALB,macd_pullback,5m,short,5,2026-01-16T19:25:00+00:00,2026-01-16T19:30:00+00:00,164.47,2026-01-20T14:30:00+00:00,160.995,time_stop,19,17.375,2.1128,169.9,156.32,5.43,0.033015,ema200_buffer,1.5,True,False
ALB,macd_pullback,5m,long,5,2026-01-20T19:25:00+00:00,2026-01-20T19:30:00+00:00,169.9,2026-01-20T19:30:00+00:00,168.63,stop_loss,1,-6.35,-0.7475,168.63,171.81,1.27,0.007475,ema200_buffer,1.5,False,False
ALB,macd_pullback,5m,long,5,2026-01-20T19:50:00+00:00,2026-01-20T19:55:00+00:00,170.87,2026-01-21T14:30:00+00:00,174.16,take_profit,14,16.45,1.9254,168.68,174.16,2.19,0.012817,ema200_buffer,1.5,False,False
ALB,macd_pullback,5m,long,5,2026-01-23T18:05:00+00:00,2026-01-23T18:10:00+00:00,189.08,2026-01-23T19:50:00+00:00,191.55,time_stop,19,12.35,1.3063,183.66,197.21,5.42,0.028665,ema200_buffer,1.5,True,False
ALB,macd_pullback,5m,long,5,2026-01-26T15:00:00+00:00,2026-01-26T15:05:00+00:00,191.535,2026-01-26T15:40:00+00:00,189.885,macd_failure,8,-8.25,-0.8615,185.81,200.12,5.725,0.02989,ema200_buffer,1.5,False,True
ALB,macd_pullback,5m,long,5,2026-01-26T16:10:00+00:00,2026-01-26T16:15:00+00:00,190.76,2026-01-26T16:35:00+00:00,190.34,macd_failure,5,-2.1,-0.2202,186.4,197.3,4.36,0.022856,ema200_buffer,1.5,False,True
ALB,macd_pullback,5m,long,5,2026-01-26T16:45:00+00:00,2026-01-26T16:50:00+00:00,190.99,2026-01-26T18:30:00+00:00,190.98,time_stop,19,-0.05,-0.0052,186.66,197.49,4.33,0.022671,ema200_buffer,1.5,True,False
ALB,macd_pullback,5m,short,5,2026-01-28T19:05:00+00:00,2026-01-28T19:10:00+00:00,184.36,2026-01-28T20:05:00+00:00,185.02,macd_failure,12,-3.3,-0.358,187.87,179.1,3.51,0.019039,ema200_buffer,1.5,False,True
ALB,macd_pullback,5m,short,5,2026-01-29T18:05:00+00:00,2026-01-29T18:10:00+00:00,179.58,2026-01-29T19:25:00+00:00,180.39,macd_failure,7,-4.05,-0.4511,184.81,171.74,5.23,0.029124,ema200_buffer,1.5,False,True
ALB,macd_pullback,5m,short,5,2026-01-29T20:00:00+00:00,2026-01-29T20:05:00+00:00,179.44,2026-01-30T14:30:00+00:00,172.31,take_profit,12,35.65,3.9735,184.19,172.31,4.75,0.026471,ema200_buffer,1.5,False,False
ALB,macd_pullback,5m,long,5,2026-02-09T18:50:00+00:00,2026-02-09T18:55:00+00:00,164.85,2026-02-09T20:35:00+00:00,165.085,macd_failure,19,1.175,0.1426,163.03,167.58,1.82,0.01104,ema200_buffer,1.5,False,True
ALB,macd_pullback,5m,long,5,2026-02-10T16:40:00+00:00,2026-02-10T16:45:00+00:00,166.275,2026-02-10T18:15:00+00:00,168.055,time_stop,19,8.9,1.0705,163.87,169.88,2.405,0.014464,ema200_buffer,1.5,True,False
ALB,macd_pullback,5m,long,5,2026-02-11T16:40:00+00:00,2026-02-11T16:45:00+00:00,172.97,2026-02-11T18:05:00+00:00,173.21,macd_failure,17,1.2,0.1388,166.87,182.12,6.1,0.035266,ema200_buffer,1.5,False,True
ALB,macd_pullback,5m,long,5,2026-02-11T19:10:00+00:00,2026-02-11T19:15:00+00:00,174.34,2026-02-11T20:35:00+00:00,175.485,macd_failure,17,5.725,0.6568,168.54,183.04,5.8,0.033268,ema200_buffer,1.5,False,True
ALB,macd_pullback,5m,short,5,2026-02-12T20:10:00+00:00,2026-02-12T20:15:00+00:00,161.08,2026-02-13T14:50:00+00:00,163.645,macd_failure,14,-12.825,-1.5924,166.56,152.86,5.48,0.03402,ema200_buffer,1.5,False,True
ALB,macd_pullback,5m,long,5,2026-02-13T18:40:00+00:00,2026-02-13T18:45:00+00:00,166.74,2026-02-13T19:55:00+00:00,165.58,stop_loss,12,-5.8,-0.6957,165.58,168.48,1.16,0.006957,ema200_buffer,1.5,False,False
ALB,macd_pullback,5m,long,5,2026-02-17T18:40:00+00:00,2026-02-17T18:45:00+00:00,169.385,2026-02-17T19:45:00+00:00,169.59,macd_failure,10,1.025,0.121,166.51,173.7,2.875,0.016973,ema200_buffer,1.5,False,True
ALB,macd_pullback,5m,short,5,2026-02-19T17:00:00+00:00,2026-02-19T17:05:00+00:00,167.2,2026-02-19T17:25:00+00:00,167.6,macd_failure,5,-2.0,-0.2392,170.11,162.83,2.91,0.017404,ema200_buffer,1.5,False,True
ALB,macd_pullback,5m,long,5,2026-02-20T15:00:00+00:00,2026-02-20T15:05:00+00:00,170.9,2026-02-20T15:45:00+00:00,168.99,stop_loss,8,-9.55,-1.1176,168.99,173.76,1.91,0.011176,ema200_buffer,1.5,False,False
ALB,macd_pullback,5m,short,5,2026-02-20T18:35:00+00:00,2026-02-20T18:40:00+00:00,168.65,2026-02-20T19:50:00+00:00,167.65,take_profit,11,5.0,0.5929,169.32,167.65,0.67,0.003973,ema200_buffer,1.5,False,False
ALB,macd_pullback,5m,long,5,2026-02-23T20:25:00+00:00,2026-02-23T20:30:00+00:00,176.885,2026-02-24T14:35:00+00:00,185.16,take_profit,8,41.375,4.6782,171.37,185.16,5.515,0.031178,ema200_buffer,1.5,False,False
ALB,macd_pullback,5m,short,5,2026-03-02T20:00:00+00:00,2026-03-02T20:05:00+00:00,178.34,2026-03-03T14:30:00+00:00,174.02,take_profit,12,21.6,2.4223,181.22,174.02,2.88,0.016149,ema200_buffer,1.5,False,False
ALB,macd_pullback,5m,short,5,2026-03-04T18:05:00+00:00,2026-03-04T18:10:00+00:00,169.97,2026-03-04T19:10:00+00:00,170.26,macd_failure,12,-1.45,-0.1706,171.61,167.51,1.64,0.009649,ema200_buffer,1.5,False,True
ALB,macd_pullback,5m,short,5,2026-03-04T19:20:00+00:00,2026-03-04T19:25:00+00:00,169.31,2026-03-04T20:25:00+00:00,169.25,macd_failure,13,0.3,0.0354,171.43,166.13,2.12,0.012521,ema200_buffer,1.5,False,True
ALB,macd_pullback,5m,short,5,2026-03-06T18:35:00+00:00,2026-03-06T18:45:00+00:00,163.19,2026-03-06T20:35:00+00:00,160.695,time_stop,19,12.475,1.5289,165.88,159.16,2.69,0.016484,ema200_buffer,1.5,True,False
ALB,macd_pullback,5m,long,5,2026-03-10T16:55:00+00:00,2026-03-10T17:00:00+00:00,170.9,2026-03-10T17:45:00+00:00,170.97,macd_failure,10,0.35,0.041,166.19,177.97,4.71,0.02756,ema200_buffer,1.5,False,True
ALB,macd_pullback,5m,short,5,2026-03-11T17:50:00+00:00,2026-03-11T17:55:00+00:00,165.71,2026-03-11T19:30:00+00:00,167.24,stop_loss,13,-7.65,-0.9233,167.24,163.42,1.53,0.009233,ema200_buffer,1.5,False,False
ALB,macd_pullback,5m,short,5,2026-03-12T17:35:00+00:00,2026-03-12T17:40:00+00:00,163.38,2026-03-12T19:30:00+00:00,164.66,macd_failure,15,-6.4,-0.7834,165.85,159.68,2.47,0.015118,ema200_buffer,1.5,False,True
ALB,macd_pullback,5m,short,5,2026-03-12T19:50:00+00:00,2026-03-12T19:55:00+00:00,163.695,2026-03-13T13:50:00+00:00,165.14,macd_failure,5,-7.225,-0.8827,165.62,160.81,1.925,0.01176,ema200_buffer,1.5,False,True
ALB,macd_pullback,5m,short,5,2026-03-13T14:05:00+00:00,2026-03-13T14:15:00+00:00,162.68,2026-03-13T16:05:00+00:00,159.715,macd_failure,19,14.825,1.8226,165.56,158.36,2.88,0.017703,ema200_buffer,1.5,False,True
ALB,macd_pullback,5m,long,5,2026-03-18T18:10:00+00:00,2026-03-18T18:15:00+00:00,168.48,2026-03-18T19:30:00+00:00,165.49,stop_loss,16,-14.95,-1.7747,165.49,172.96,2.99,0.017747,ema200_buffer,1.5,False,False
ALB,macd_pullback,5m,short,5,2026-03-19T17:10:00+00:00,2026-03-19T17:15:00+00:00,159.835,2026-03-19T18:10:00+00:00,161.23,macd_failure,8,-6.975,-0.8728,164.11,153.42,4.275,0.026746,ema200_buffer,1.5,False,True
ALB,macd_pullback,5m,short,5,2026-03-20T17:25:00+00:00,2026-03-20T17:35:00+00:00,157.15,2026-03-20T19:10:00+00:00,156.04,macd_failure,19,5.55,0.7063,162.09,149.74,4.94,0.031435,ema200_buffer,1.5,False,True
ALB,macd_pullback,5m,long,5,2026-03-23T17:30:00+00:00,2026-03-23T17:40:00+00:00,168.92,2026-03-23T19:10:00+00:00,168.27,macd_failure,15,-3.25,-0.3848,163.2,177.5,5.72,0.033862,ema200_buffer,1.5,False,True
ALB,macd_pullback,5m,long,5,2026-03-31T19:00:00+00:00,2026-03-31T19:05:00+00:00,181.29,2026-03-31T19:30:00+00:00,181.52,macd_failure,6,1.15,0.1269,179.33,184.23,1.96,0.010811,ema200_buffer,1.5,False,True
